<?xml version="1.0" encoding="UTF-8"?>
<beans xmlns="http://www.springframework.org/schema/beans"
xmlns:xsi="http://www.w3.org/2001/XMLSchema-instance"
xsi:schemaLocation="http://www.springframework.org/schema/beans
http://www.springframework.org/schema/beans/spring-beans.xsd">
	<!-- Connection을 관리하는 객체(spring에서 제공하는 api를 이용 -->
	<bean id="con" class="org.springframework.jdbc.datasource.DriverManagerDataSource">
		<property name="driverClassName" value="oracle.jdbc.driver.OracleDriver"/>
		<property name="url" value="jdbc:oracle:thin:@127.0.0.1:1521:xe"/>
		<property name="username" value="scott"/>
		<property name="password" value="tiger"/>
	</bean>
	<!-- 스프링에서 제공되는 jdbc기능을 처리할  클래서스우리가 실제 처리해야 하는 JDBC작업을 대신 수해앟  클래스 -->
	<bean id="template" class="org.springframework.jdbc.core.JdbcTemplate">
		<constructor-arg ref="con"/>		
	</bean>
	
	<bean id="mydao" class="firstexam.HrDAO">
		<constructor-arg ref="template"/>
	</bean>
	
</beans>
