<?xml version="1.0" encoding="UTF-8"?>
<beans xmlns="http://www.springframework.org/schema/beans"
xmlns:xsi="http://www.w3.org/2001/XMLSchema-instance"
xsi:schemaLocation="http://www.springframework.org/schema/beans
http://www.springframework.org/schema/beans/spring-beans.xsd">
	<import resource="data.xml"/>	
	<bean id="dao" class="secondexam.ScottDAO">
		<constructor-arg ref="template"/>
	</bean>
	
	<bean id="daoimpl" class="myemp.MyEmpDAOImpl">
		<constructor-arg ref="template"/>
	</bean>
	<bean id="service" class="myemp.MenuUI">
		<constructor-arg ref="daoimpl"/>
	</bean>
	
	
	<bean id="deptdao" class="mydept.MyDeptDAOImpl">
		<constructor-arg ref="template"/>
	</bean>
	<bean id="deptmenu" class="mydept.MenuUI">
		<constructor-arg ref="deptdao"/>
	</bean>
	
	
	
	
	
	
</beans>
